areaName,date,newCasesByPublishDate,cumCasesByPublishDate,maleCases,femaleCases,cumCasesByPublishDateRate,cumDeaths28DaysByPublishDateRate,newDeaths28DaysByPublishDate,cumDeaths28DaysByPublishDate
England,2020-08-30,1487,288989,,,513.4,65.5,1,36850
England,2020-08-29,891,287502,"[{'age': '5_to_9', 'value': 1281, 'rate': 70.8}, {'age': '25_to_29', 'value': 7983, 'rate': 445.3}, {'age': '65_to_69', 'value': 6573, 'rate': 485.9}, {'age': '85_to_89', 'value': 8080, 'rate': 2303}, {'age': '60_to_64', 'value': 7996, 'rate': 523.6}, {'age': '45_to_49', 'value': 8660, 'rate': 509.4}, {'age': '40_to_44', 'value': 7708, 'rate': 416.8}, {'age': '75_to_79', 'value': 7962, 'rate': 884}, {'age': '50_to_54', 'value': 9448, 'rate': 513.7}, {'age': '80_to_84', 'value': 9183, 'rate': 1445.1}, {'age': '20_to_24', 'value': 5781, 'rate': 364.1}, {'age': '0_to_4', 'value': 1243, 'rate': 73.4}, {'age': '90+', 'value': 5854, 'rate': 3521.5}, {'age': '70_to_74', 'value': 7215, 'rate': 542.4}, {'age': '30_to_34', 'value': 8444, 'rate': 436.8}, {'age': '35_to_39', 'value': 7808, 'rate': 410.8}, {'age': '55_to_59', 'value': 9317, 'rate': 483.5}, {'age': '10_to_14', 'value': 1450, 'rate': 80}, {'age': '15_to_19', 'value': 2911, 'rate': 169.3}]","[{'age': '20_to_24', 'value': 9907, 'rate': 659.4}, {'age': '30_to_34', 'value': 12429, 'rate': 665.3}, {'age': '90+', 'value': 12119, 'rate': 3452.3}, {'age': '80_to_84', 'value': 9193, 'rate': 1142.8}, {'age': '85_to_89', 'value': 10757, 'rate': 2033.7}, {'age': '50_to_54', 'value': 13421, 'rate': 715.2}, {'age': '70_to_74', 'value': 5351, 'rate': 369.2}, {'age': '40_to_44', 'value': 11017, 'rate': 584.6}, {'age': '25_to_29', 'value': 13429, 'rate': 792.2}, {'age': '65_to_69', 'value': 4965, 'rate': 343.9}, {'age': '35_to_39', 'value': 10803, 'rate': 566.4}, {'age': '45_to_49', 'value': 12448, 'rate': 726.2}, {'age': '0_to_4', 'value': 1119, 'rate': 69.7}, {'age': '10_to_14', 'value': 1389, 'rate': 80.5}, {'age': '55_to_59', 'value': 11973, 'rate': 604.5}, {'age': '15_to_19', 'value': 3815, 'rate': 233.4}, {'age': '60_to_64', 'value': 8320, 'rate': 525.1}, {'age': '75_to_79', 'value': 6668, 'rate': 641.2}, {'age': '5_to_9', 'value': 1187, 'rate': 63.8}]",510.8,65.5,12,36849
England,2020-08-28,1106,286611,,,509.2,65.4,9,36837
England,2020-08-27,1350,285505,,,507.2,65.4,10,36828
England,2020-08-26,875,284155,,,504.8,65.4,13,36818
England,2020-08-25,1065,283280,,,503.3,65.4,16,36805
England,2020-08-24,758,282215,,,501.4,65.4,3,36789
England,2020-08-23,938,281457,,,500,65.4,4,36786
England,2020-08-22,1060,280519,,,498.4,65.3,17,36782
England,2020-08-21,908,279459,,,496.5,65.3,2,36765
England,2020-08-20,1035,278551,,,494.9,65.3,6,36763
England,2020-08-19,707,277516,,,493,65.3,15,36757
England,2020-08-18,975,276809,,,491.8,65.3,11,36742
England,2020-08-17,634,275834,,,490,65.3,3,36731
England,2020-08-16,952,275200,,,488.9,65.3,3,36728
England,2020-08-15,934,274248,,,487.2,65.2,2,36725
England,2020-08-14,1284,273314,,,485.6,65.2,10,36723
England,2020-08-13,1059,272030,,,483.3,65.2,18,36713
England,2020-08-12,925,270971,,,481.4,65.2,15,36695
England,2020-08-11,1035,270046,,,479.8,65.2,11,36680
England,2020-08-10,699,269011,,,477.9,65.1,17,36669
England,2020-08-09,988,268312,,,476.7,65.1,5,36652
England,2020-08-08,679,267324,,,474.9,65.1,2,36647
England,2020-08-07,796,266645,,,473.7,65.1,5,36645
England,2020-08-06,826,265849,,,472.3,65.1,15,36640
England,2020-08-05,804,265023,,,470.8,65.1,12,36625
England,2020-08-04,617,264219,,,469.4,65,17,36613
England,2020-08-03,856,263602,,,468.3,65,1,36596
England,2020-08-02,676,262746,,,466.8,65,2,36595
England,2020-08-01,722,262070,,,465.6,65,11,36593
England,2020-07-31,814,261348,,,464.3,65,14,36582
England,2020-07-30,812,260534,,,462.9,65,0,36568
England,2020-07-29,700,259722,,,461.4,65,29,36568
England,2020-07-28,547,259022,,,460.2,64.9,21,36539
England,2020-07-27,616,258475,,,459.2,64.9,3,36518
England,2020-07-26,721,257859,,,458.1,64.9,7,36515
England,2020-07-25,710,257138,,,456.8,64.9,15,36508
England,2020-07-24,688,256428,,,455.6,64.8,32,36493
England,2020-07-23,702,255740,,,454.4,64.8,9,36461
England,2020-07-22,519,255038,,,453.1,64.8,16,36452
England,2020-07-21,399,254519,,,452.2,64.7,25,36436
England,2020-07-20,535,254120,,,451.5,64.7,10,36411
England,2020-07-19,672,253585,,,450.5,64.7,10,36401
England,2020-07-18,796,252913,,,449.3,64.7,9,36391
England,2020-07-17,635,252117,,,447.9,64.6,25,36382
England,2020-07-16,597,251482,,,446.8,64.6,23,36357
England,2020-07-15,506,250885,,,445.7,64.6,24,36334
England,2020-07-14,372,250379,,,444.8,64.5,42,36310
England,2020-07-13,497,250007,,,444.2,64.4,8,36268
England,2020-07-12,615,249510,,,443.3,64.4,9,36260
England,2020-07-11,806,248895,,,442.2,64.4,16,36251
England,2020-07-10,480,248089,,,440.8,64.4,34,36235
England,2020-07-09,617,247609,,,439.9,64.3,29,36201
England,2020-07-08,606,246992,,,438.8,64.3,52,36172
England,2020-07-07,572,246386,,,437.7,64.2,50,36120
England,2020-07-06,331,245814,,,436.7,64.1,11,36070
England,2020-07-05,492,245483,,,436.1,64.1,18,36059
England,2020-07-04,579,244991,,,435.3,64,27,36041
England,2020-07-03,502,244412,,,434.2,64,45,36014
England,2020-07-02,523,243910,,,433.3,63.9,31,35969
England,2020-07-01,177,160764,,,285.6,63.8,90,35938
England,2020-06-30,196,160587,,,285.3,63.7,47,35848
England,2020-06-29,99,160391,,,285,63.6,17,35801
England,2020-06-28,142,160292,,,284.8,63.6,28,35784
England,2020-06-27,192,160150,,,284.5,63.5,34,35756
England,2020-06-26,175,159958,,,284.2,63.5,76,35722
England,2020-06-25,261,159696,,,283.7,63.3,91,35646
England,2020-06-24,107,159435,,,283.3,63.2,74,35555
England,2020-06-23,210,159328,,,283.1,63,84,35481
England,2020-06-22,178,159118,,,282.7,62.9,13,35397
England,2020-06-21,215,158940,,,282.4,62.9,30,35384
England,2020-06-20,324,158725,,,282,62.8,67,35354
England,2020-06-19,323,158401,,,281.4,62.7,73,35287
England,2020-06-18,281,158078,,,280.8,62.6,60,35214
England,2020-06-17,252,157797,,,280.3,62.5,90,35154
England,2020-06-16,252,157545,,,279.9,62.3,106,35064
England,2020-06-15,219,157293,,,279.4,62.1,25,34958
England,2020-06-14,292,157074,,,279.1,62.1,23,34933
England,2020-06-13,372,156782,,,278.5,62,94,34910
England,2020-06-12,392,156410,,,277.9,61.9,117,34816
England,2020-06-11,304,156018,,,277.2,61.6,64,34699
England,2020-06-10,63,155714,,,276.6,61.5,143,34635
England,2020-06-09,651,155651,,,276.5,61.3,179,34492
England,2020-06-08,92,155000,,,275.4,61,44,34313
England,2020-06-07,228,154908,,,275.2,60.9,49,34269
England,2020-06-06,422,154680,,,274.8,60.8,126,34220
England,2020-06-05,451,154258,,,274.1,60.6,239,34094
England,2020-06-04,431,153807,,,273.3,60.1,112,33855
England,2020-06-03,462,153376,,,272.5,59.9,218,33743
England,2020-06-02,444,152914,,,271.7,59.6,228,33525
England,2020-06-01,294,152470,,,270.9,59.2,79,33297
England,2020-05-31,320,152176,,,270.4,59,39,33218
England,2020-05-30,715,151856,,,269.8,58.9,117,33179
England,2020-05-29,560,151982,,,270,58.7,246,33062
England,2020-05-28,519,151422,,,269,58.3,315,32816
England,2020-05-27,609,150903,,,268.1,57.7,396,32501
England,2020-05-26,492,150294,,,267,57,105,32105
England,2020-05-25,494,149802,,,266.1,56.9,86,32000
England,2020-05-24,584,149308,,,265.3,56.7,362,31914
England,2020-05-23,979,148724,,,264.2,56.1,197,31552
England,2020-05-22,1083,147745,,,262.5,55.7,257,31355
England,2020-05-21,854,146662,,,260.6,55.2,220,31098
England,2020-05-20,824,145808,,,259,54.9,259,30878
England,2020-05-19,857,145376,,,258.3,54.4,447,30619
England,2020-05-18,816,144519,,,256.8,53.6,134,30172
England,2020-05-17,788,143703,,,255.3,53.4,43,30038
England,2020-05-16,1136,142915,,,253.9,53.3,348,29995
England,2020-05-15,1112,141779,,,251.9,52.7,280,29647
England,2020-05-14,1189,140667,,,249.9,52.2,303,29367
England,2020-05-13,1146,139478,,,247.8,51.6,362,29064
England,2020-05-12,1067,138332,,,245.8,51,539,28702
England,2020-05-11,891,137265,,,243.9,50,174,28163
England,2020-05-10,1007,136374,,,242.3,49.7,190,27989
England,2020-05-09,1349,135367,,,240.5,49.4,226,27799
England,2020-05-08,1694,134018,,,238.1,49,498,27573
England,2020-05-07,2133,132324,,,235.1,48.1,377,27075
England,2020-05-06,1611,130191,,,231.3,47.4,529,26698
England,2020-05-05,1842,128580,,,228.4,46.5,639,26169
England,2020-05-04,1485,126738,,,225.2,45.4,247,25530
England,2020-05-03,2019,125253,,,222.5,44.9,222,25283
England,2020-05-02,2228,123234,,,218.9,44.5,485,25061
England,2020-05-01,2501,121006,,,215,43.7,623,24576
England,2020-04-30,2484,118343,,,210.2,42.6,543,23953
England,2020-04-29,1403,115859,,,205.8,41.6,604,23410
England,2020-04-28,1989,114456,,,203.3,40.5,862,22806
England,2020-04-27,2264,112467,,,199.8,39,289,21944
England,2020-04-26,2152,110203,,,195.8,38.5,327,21655
England,2020-04-25,2826,108051,,,192,37.9,729,21328
England,2020-04-24,3004,105225,,,186.9,36.6,821,20599
England,2020-04-23,3084,102221,,,181.6,35.1,594,19778
England,2020-04-22,3020,99137,,,176.1,34.1,725,19184
England,2020-04-21,3087,96117,,,170.8,32.8,1116,18459
England,2020-04-20,2401,93030,,,165.3,30.8,536,17343
England,2020-04-19,3607,90629,,,161,29.9,380,16807
England,2020-04-18,3548,87022,,,154.6,29.2,1004,16427
England,2020-04-17,3985,83474,,,148.3,27.4,826,15423
England,2020-04-16,3118,79489,,,141.2,25.9,906,14597
England,2020-04-15,3188,76371,,,135.7,24.3,730,13691
England,2020-04-14,3854,73183,,,130,23,1007,12961
England,2020-04-13,2999,69329,,,123.2,21.2,694,11954
England,2020-04-12,3672,66330,,,117.8,20,604,11260
England,2020-04-11,3841,62658,,,111.3,18.9,745,10656
England,2020-04-10,4263,58817,,,104.5,17.6,1035,9911
England,2020-04-09,3798,54554,,,96.9,15.8,990,8876
England,2020-04-08,4788,50756,,,90.2,14,922,7886
England,2020-04-07,2978,45968,,,81.7,12.4,1009,6964
England,2020-04-06,3176,42990,,,76.4,10.6,531,5955
England,2020-04-05,5107,39814,,,70.7,9.6,578,5424
England,2020-04-04,2910,34707,,,61.7,8.6,689,4846
England,2020-04-03,3576,31797,,,56.5,7.4,654,4157
England,2020-04-02,3583,28221,,,50.1,6.2,603,3503
England,2020-04-01,3630,24638,,,43.8,5.2,613,2900
England,2020-03-31,2414,21008,,,37.3,4.1,368,2287
England,2020-03-30,2107,18594,,,33,3.4,353,1919
England,2020-03-29,2060,16487,,,29.3,2.8,195,1566
England,2020-03-28,2139,14427,,,25.6,2.4,279,1371
England,2020-03-27,2506,12288,,,21.8,1.9,271,1092
England,2020-03-26,1809,9782,,,17.4,1.5,169,821
England,2020-03-25,1130,7973,,,14.2,1.2,178,652
England,2020-03-24,1258,6843,,,12.2,0.8,143,474
England,2020-03-23,793,5585,,,9.9,0.6,67,331
England,2020-03-22,535,4792,,,8.5,0.5,24,264
England,2020-03-21,873,4257,,,7.6,0.4,54,240
England,2020-03-20,628,3384,,,6,0.3,32,186
England,2020-03-19,574,2756,,,4.9,0.3,42,154
England,2020-03-18,625,2182,,,3.9,0.2,33,112
England,2020-03-17,361,1557,,,2.8,0.1,15,79
England,2020-03-16,97,1196,,,2.1,0.1,22,64
England,2020-03-15,253,1099,,,2,0.1,14,42
England,2020-03-14,201,846,,,1.5,0,18,28
England,2020-03-13,159,645,,,1.1,0,1,10
England,2020-03-12,99,486,,,0.9,0,2,9
England,2020-03-11,63,387,,,0.7,0,0,7
England,2020-03-10,46,324,,,0.6,0,4,7
England,2020-03-09,40,282,,,0.5,0,1,3
England,2020-03-08,58,241,,,0.4,0,0,2
England,2020-03-07,39,183,,,0.3,0,1,2
England,2020-03-06,39,144,,,0.3,0,1,1
England,2020-03-05,25,105,,,0.2,,0,
England,2020-03-04,32,80,,,0.1,,0,
England,2020-03-03,11,48,,,0.1,,0,
England,2020-03-02,4,37,,,0.1,,0,
England,2020-03-01,12,33,,,0.1,,0,
England,2020-02-29,3,21,,,0,,0,
England,2020-02-28,5,18,,,0,,0,
England,2020-02-27,0,13,,,0,,0,
England,2020-02-26,0,13,,,0,,0,
England,2020-02-25,0,13,,,0,,0,
England,2020-02-24,4,13,,,0,,0,
England,2020-02-23,0,9,,,0,,0,
England,2020-02-22,0,9,,,0,,0,
England,2020-02-21,0,9,,,0,,0,
England,2020-02-20,0,9,,,0,,0,
England,2020-02-19,0,9,,,0,,0,
England,2020-02-18,0,9,,,0,,0,
England,2020-02-17,0,9,,,0,,0,
England,2020-02-16,0,9,,,0,,0,
England,2020-02-15,0,9,,,0,,0,
England,2020-02-14,0,9,,,0,,0,
England,2020-02-13,1,9,,,0,,0,
England,2020-02-12,0,8,,,0,,0,
England,2020-02-11,0,8,,,0,,0,
England,2020-02-10,4,8,,,0,,0,
England,2020-02-09,1,4,,,0,,0,
England,2020-02-08,0,3,,,0,,0,
England,2020-02-07,0,3,,,0,,0,
England,2020-02-06,1,3,,,0,,0,
England,2020-02-05,0,2,,,0,,0,
England,2020-02-04,0,2,,,0,,0,
England,2020-02-03,0,2,,,0,,0,
England,2020-02-02,0,2,,,0,,0,
England,2020-02-01,0,2,,,0,,0,
England,2020-01-31,2,2,,,0,,0,
England,2020-01-30,0,,,,,,0,
England,2020-01-29,0,,,,,,0,
England,2020-01-28,0,,,,,,0,
England,2020-01-27,0,,,,,,0,
England,2020-01-26,0,,,,,,0,
England,2020-01-25,0,,,,,,0,
England,2020-01-24,0,,,,,,0,
England,2020-01-23,0,,,,,,0,
England,2020-01-22,0,,,,,,0,
England,2020-01-21,0,,,,,,0,
England,2020-01-20,0,,,,,,0,
England,2020-01-19,0,,,,,,0,
England,2020-01-18,0,,,,,,0,
England,2020-01-17,0,,,,,,0,
England,2020-01-16,0,,,,,,0,
England,2020-01-15,0,,,,,,0,
England,2020-01-14,0,,,,,,0,
England,2020-01-13,0,,,,,,0,
England,2020-01-12,0,,,,,,0,
England,2020-01-11,0,,,,,,0,
England,2020-01-10,0,,,,,,0,
England,2020-01-09,0,,,,,,0,
England,2020-01-08,0,,,,,,0,
England,2020-01-07,0,,,,,,0,
England,2020-01-06,0,,,,,,0,
England,2020-01-05,0,,,,,,0,
England,2020-01-04,0,,,,,,0,
England,2020-01-03,0,,,,,,0,
Northern Ireland,2020-08-30,49,7187,,,379.5,29.6,0,560
Northern Ireland,2020-08-29,89,7138,,,376.9,29.6,0,560
Northern Ireland,2020-08-28,85,7049,,,372.2,29.6,0,560
Northern Ireland,2020-08-27,69,6964,,,367.8,29.6,1,560
Northern Ireland,2020-08-26,72,6895,,,364.1,29.5,0,559
Northern Ireland,2020-08-25,47,6823,,,360.3,29.5,0,559
Northern Ireland,2020-08-24,10,6776,,,357.8,29.5,0,559
Northern Ireland,2020-08-23,119,6766,,,357.3,29.5,0,559
Northern Ireland,2020-08-22,71,6647,,,351,29.5,0,559
Northern Ireland,2020-08-21,20,6576,,,347.3,29.5,0,559
Northern Ireland,2020-08-20,51,6556,,,346.2,29.5,0,559
Northern Ireland,2020-08-19,34,6505,,,343.5,29.5,0,559
Northern Ireland,2020-08-18,41,6471,,,341.7,29.5,1,559
Northern Ireland,2020-08-17,39,6430,,,339.6,29.5,0,558
Northern Ireland,2020-08-16,27,6391,,,337.5,29.5,0,558
Northern Ireland,2020-08-15,65,6364,,,336.1,29.5,0,558
Northern Ireland,2020-08-14,74,6299,,,332.6,29.5,1,558
Northern Ireland,2020-08-13,8,6225,,,328.7,29.4,0,557
Northern Ireland,2020-08-12,29,6217,,,328.3,29.4,0,557
Northern Ireland,2020-08-11,48,6188,,,326.8,29.4,0,557
Northern Ireland,2020-08-10,0,6140,,,324.2,29.4,1,557
Northern Ireland,2020-08-09,0,6064,,,320.2,29.4,0,556
Northern Ireland,2020-08-08,0,6064,,,320.2,29.4,0,556
Northern Ireland,2020-08-07,15,6064,,,320.2,29.4,0,556
Northern Ireland,2020-08-06,43,6049,,,319.4,29.4,0,556
Northern Ireland,2020-08-05,10,6006,,,317.2,29.4,0,556
Northern Ireland,2020-08-04,8,5996,,,316.6,29.4,0,556
Northern Ireland,2020-08-03,0,5988,,,316.2,29.4,0,556
Northern Ireland,2020-08-02,0,5948,,,314.1,29.4,0,556
Northern Ireland,2020-08-01,0,5948,,,314.1,29.4,0,556
Northern Ireland,2020-07-31,10,5948,,,314.1,29.4,0,556
Northern Ireland,2020-07-30,8,5938,,,313.6,29.4,0,556
Northern Ireland,2020-07-29,9,5930,,,313.1,29.4,0,556
Northern Ireland,2020-07-28,9,5921,,,312.7,29.4,0,556
Northern Ireland,2020-07-27,0,5912,,,312.2,29.4,0,556
Northern Ireland,2020-07-26,0,5891,,,311.1,29.4,0,556
Northern Ireland,2020-07-25,0,5891,,,311.1,29.4,0,556
Northern Ireland,2020-07-24,15,5891,,,311.1,29.4,0,556
Northern Ireland,2020-07-23,8,5876,,,310.3,29.4,0,556
Northern Ireland,2020-07-22,9,5868,,,309.9,29.4,0,556
Northern Ireland,2020-07-21,2,5859,,,309.4,29.4,0,556
Northern Ireland,2020-07-20,0,5857,,,309.3,29.4,0,556
Northern Ireland,2020-07-19,0,5834,,,308.1,29.4,0,556
Northern Ireland,2020-07-18,0,5834,,,308.1,29.4,0,556
Northern Ireland,2020-07-17,19,5834,,,308.1,29.4,0,556
Northern Ireland,2020-07-16,16,5815,,,307.1,29.4,0,556
Northern Ireland,2020-07-15,9,5799,,,306.2,29.4,0,556
Northern Ireland,2020-07-14,2,5790,,,305.8,29.4,0,556
Northern Ireland,2020-07-13,0,5788,,,305.7,29.4,2,556
Northern Ireland,2020-07-12,0,5772,,,304.8,29.3,0,554
Northern Ireland,2020-07-11,0,5772,,,304.8,29.3,0,554
Northern Ireland,2020-07-10,4,5772,,,304.8,29.3,0,554
Northern Ireland,2020-07-09,3,5768,,,304.6,29.3,0,554
Northern Ireland,2020-07-08,4,5765,,,304.4,29.3,0,554
Northern Ireland,2020-07-07,5,5761,,,304.2,29.3,0,554
Northern Ireland,2020-07-06,0,5756,,,304,29.3,0,554
Northern Ireland,2020-07-05,0,5747,,,303.5,29.3,0,554
Northern Ireland,2020-07-04,0,5747,,,303.5,29.3,0,554
Northern Ireland,2020-07-03,4,5747,,,303.5,29.3,2,554
Northern Ireland,2020-07-02,7,5768,,,304.6,29.1,1,552
Northern Ireland,2020-07-01,1,5761,,,304.2,29.1,0,551
Northern Ireland,2020-06-30,3,5760,,,304.2,29.1,0,551
Northern Ireland,2020-06-29,6,5757,,,304,29.1,1,551
Northern Ireland,2020-06-28,1,5751,,,303.7,29,1,550
Northern Ireland,2020-06-27,2,5750,,,303.6,29,1,549
Northern Ireland,2020-06-26,4,5748,,,303.5,28.9,1,548
Northern Ireland,2020-06-25,1,4874,,,257.4,28.9,0,547
Northern Ireland,2020-06-24,2,4873,,,257.3,28.9,1,547
Northern Ireland,2020-06-23,0,4871,,,257.2,28.8,1,546
Northern Ireland,2020-06-22,1,4871,,,257.2,28.8,0,545
Northern Ireland,2020-06-21,4,4870,,,257.2,28.8,0,545
Northern Ireland,2020-06-20,0,4866,,,257,28.8,1,545
Northern Ireland,2020-06-19,3,4866,,,257,28.7,1,544
Northern Ireland,2020-06-18,1,4863,,,256.8,28.7,0,543
Northern Ireland,2020-06-17,8,4862,,,256.8,28.7,1,543
Northern Ireland,2020-06-16,2,4854,,,256.3,28.6,1,542
Northern Ireland,2020-06-15,4,4852,,,256.2,28.6,0,541
Northern Ireland,2020-06-14,7,4848,,,256,28.6,0,541
Northern Ireland,2020-06-13,3,4841,,,255.6,28.6,2,541
Northern Ireland,2020-06-12,16,4838,,,255.5,28.5,1,539
Northern Ireland,2020-06-11,4,4822,,,254.6,28.4,1,538
Northern Ireland,2020-06-10,13,4818,,,254.4,28.4,0,537
Northern Ireland,2020-06-09,3,4805,,,253.7,28.4,0,537
Northern Ireland,2020-06-08,6,4802,,,253.6,28.4,0,537
Northern Ireland,2020-06-07,6,4796,,,253.3,28.4,0,537
Northern Ireland,2020-06-06,14,4790,,,252.9,28.4,1,537
Northern Ireland,2020-06-05,3,4776,,,252.2,28.3,1,536
Northern Ireland,2020-06-04,33,4773,,,252.1,28.3,1,535
Northern Ireland,2020-06-03,8,4740,,,250.3,28.2,8,534
Northern Ireland,2020-06-02,4,4732,,,249.9,27.8,2,526
Northern Ireland,2020-06-01,12,4728,,,249.7,27.7,1,524
Northern Ireland,2020-05-31,7,4716,,,249,27.6,1,523
Northern Ireland,2020-05-30,13,4709,,,248.7,27.6,1,522
Northern Ireland,2020-05-29,17,4696,,,248,27.5,3,521
Northern Ireland,2020-05-28,16,4679,,,247.1,27.4,2,518
Northern Ireland,2020-05-27,26,4663,,,246.2,27.2,2,516
Northern Ireland,2020-05-26,28,4637,,,244.9,27.1,0,514
Northern Ireland,2020-05-25,39,4609,,,243.4,27.1,8,514
Northern Ireland,2020-05-24,25,4570,,,241.3,26.7,1,506
Northern Ireland,2020-05-23,41,4545,,,240,26.7,1,505
Northern Ireland,2020-05-22,23,4504,,,237.8,26.6,3,504
Northern Ireland,2020-05-21,42,4481,,,236.6,26.5,7,501
Northern Ireland,2020-05-20,18,4439,,,234.4,26.1,5,494
Northern Ireland,2020-05-19,20,4421,,,233.5,25.8,7,489
Northern Ireland,2020-05-18,16,4401,,,232.4,25.5,6,482
Northern Ireland,2020-05-17,28,4385,,,231.6,25.1,3,476
Northern Ireland,2020-05-16,40,4357,,,230.1,25,4,473
Northern Ireland,2020-05-15,26,4317,,,228,24.8,15,469
Northern Ireland,2020-05-14,38,4291,,,226.6,24,5,454
Northern Ireland,2020-05-13,60,4253,,,224.6,23.7,2,449
Northern Ireland,2020-05-12,44,4193,,,221.4,23.6,9,447
Northern Ireland,2020-05-11,30,4149,,,219.1,23.1,3,438
Northern Ireland,2020-05-10,41,4119,,,217.5,23,5,435
Northern Ireland,2020-05-09,56,4078,,,215.3,22.7,4,430
Northern Ireland,2020-05-08,38,4022,,,212.4,22.5,4,426
Northern Ireland,2020-05-07,50,3984,,,210.4,22.3,4,422
Northern Ireland,2020-05-06,53,3934,,,207.7,22.1,14,418
Northern Ireland,2020-05-05,45,3881,,,204.9,21.3,17,404
Northern Ireland,2020-05-04,69,3836,,,202.6,20.4,6,387
Northern Ireland,2020-05-03,78,3767,,,198.9,20.1,5,381
Northern Ireland,2020-05-02,66,3689,,,194.8,19.9,11,376
Northern Ireland,2020-05-01,87,3623,,,191.3,19.3,18,365
Northern Ireland,2020-04-30,73,3536,,,186.7,18.3,9,347
Northern Ireland,2020-04-29,55,3463,,,182.9,17.8,9,338
Northern Ireland,2020-04-28,34,3408,,,180,17.4,20,329
Northern Ireland,2020-04-27,66,3374,,,178.2,16.3,10,309
Northern Ireland,2020-04-26,82,3308,,,174.7,15.8,5,299
Northern Ireland,2020-04-25,104,3226,,,170.4,15.5,16,294
Northern Ireland,2020-04-24,106,3122,,,164.9,14.7,15,278
Northern Ireland,2020-04-23,142,3016,,,159.3,13.9,13,263
Northern Ireland,2020-04-22,116,2874,,,151.8,13.2,30,250
Northern Ireland,2020-04-21,30,2758,,,145.6,11.6,13,220
Northern Ireland,2020-04-20,83,2728,,,144.1,10.9,13,207
Northern Ireland,2020-04-19,159,2645,,,139.7,10.2,1,194
Northern Ireland,2020-04-18,148,2486,,,131.3,10.2,17,193
Northern Ireland,2020-04-17,137,2338,,,123.5,9.3,18,176
Northern Ireland,2020-04-16,113,2201,,,116.2,8.3,18,158
Northern Ireland,2020-04-15,121,2088,,,110.3,7.4,6,140
Northern Ireland,2020-04-14,85,1967,,,103.9,7.1,10,134
Northern Ireland,2020-04-13,76,1882,,,99.4,6.5,6,124
Northern Ireland,2020-04-12,89,1806,,,95.4,6.2,11,118
Northern Ireland,2020-04-11,128,1717,,,90.7,5.7,15,107
Northern Ireland,2020-04-10,112,1589,,,83.9,4.9,10,92
Northern Ireland,2020-04-09,138,1477,,,78,4.3,4,82
Northern Ireland,2020-04-08,84,1339,,,70.7,4.1,5,78
Northern Ireland,2020-04-07,97,1255,,,66.3,3.9,3,73
Northern Ireland,2020-04-06,69,1158,,,61.2,3.7,7,70
Northern Ireland,2020-04-05,91,1089,,,57.5,3.3,7,63
Northern Ireland,2020-04-04,94,998,,,52.7,3,8,56
Northern Ireland,2020-04-03,130,904,,,47.7,2.5,12,48
Northern Ireland,2020-04-02,85,774,,,40.9,1.9,6,36
Northern Ireland,2020-04-01,103,689,,,36.4,1.6,2,30
Northern Ireland,2020-03-31,53,586,,,30.9,1.5,6,28
Northern Ireland,2020-03-30,123,533,,,28.1,1.2,1,22
Northern Ireland,2020-03-29,86,410,,,21.7,1.1,6,21
Northern Ireland,2020-03-28,49,324,,,17.1,0.8,2,15
Northern Ireland,2020-03-27,34,275,,,14.5,0.7,3,13
Northern Ireland,2020-03-26,32,241,,,12.7,0.5,3,10
Northern Ireland,2020-03-25,37,209,,,11,0.4,2,7
Northern Ireland,2020-03-24,24,172,,,9.1,0.3,2,5
Northern Ireland,2020-03-23,20,148,,,7.8,0.2,1,3
Northern Ireland,2020-03-22,20,128,,,6.8,0.1,0,2
Northern Ireland,2020-03-21,22,108,,,5.7,0.1,1,2
Northern Ireland,2020-03-20,9,86,,,4.5,0.1,0,1
Northern Ireland,2020-03-19,9,77,,,4.1,0.1,0,1
Northern Ireland,2020-03-18,6,68,,,3.6,,0,
Northern Ireland,2020-03-17,10,62,,,3.3,,0,
Northern Ireland,2020-03-16,7,52,,,2.7,,0,
Northern Ireland,2020-03-15,11,45,,,2.4,,0,
Northern Ireland,2020-03-14,5,34,,,1.8,,0,
Northern Ireland,2020-03-13,10,29,,,1.5,,0,
Northern Ireland,2020-03-12,1,19,,,1,,0,
Northern Ireland,2020-03-11,2,18,,,1,,0,
Northern Ireland,2020-03-10,0,16,,,0.8,,0,
Northern Ireland,2020-03-09,3,12,,,0.6,,0,
Northern Ireland,2020-03-08,5,9,,,0.5,,0,
Northern Ireland,2020-03-07,2,4,,,0.2,,0,
Northern Ireland,2020-03-06,2,2,,,0.1,,0,
Northern Ireland,2020-03-05,0,,,,,,0,
Northern Ireland,2020-03-04,0,,,,,,0,
Northern Ireland,2020-03-03,0,,,,,,0,
Northern Ireland,2020-03-02,0,,,,,,0,
Northern Ireland,2020-03-01,0,,,,,,0,
Northern Ireland,2020-02-29,0,,,,,,0,
Northern Ireland,2020-02-28,0,,,,,,0,
Northern Ireland,2020-02-27,0,,,,,,0,
Northern Ireland,2020-02-26,0,,,,,,0,
Northern Ireland,2020-02-25,0,,,,,,0,
Northern Ireland,2020-02-24,0,,,,,,0,
Northern Ireland,2020-02-23,0,,,,,,0,
Northern Ireland,2020-02-22,0,,,,,,0,
Northern Ireland,2020-02-21,0,,,,,,0,
Northern Ireland,2020-02-20,0,,,,,,0,
Northern Ireland,2020-02-19,0,,,,,,0,
Northern Ireland,2020-02-18,0,,,,,,0,
Northern Ireland,2020-02-17,0,,,,,,0,
Northern Ireland,2020-02-16,0,,,,,,0,
Northern Ireland,2020-02-15,0,,,,,,0,
Northern Ireland,2020-02-14,0,,,,,,0,
Northern Ireland,2020-02-13,0,,,,,,0,
Northern Ireland,2020-02-12,0,,,,,,0,
Northern Ireland,2020-02-11,0,,,,,,0,
Northern Ireland,2020-02-10,0,,,,,,0,
Northern Ireland,2020-02-09,0,,,,,,0,
Northern Ireland,2020-02-08,0,,,,,,0,
Northern Ireland,2020-02-07,0,,,,,,0,
Northern Ireland,2020-02-06,0,,,,,,0,
Northern Ireland,2020-02-05,0,,,,,,0,
Northern Ireland,2020-02-04,0,,,,,,0,
Northern Ireland,2020-02-03,0,,,,,,0,
Northern Ireland,2020-02-02,0,,,,,,0,
Northern Ireland,2020-02-01,0,,,,,,0,
Northern Ireland,2020-01-31,0,,,,,,0,
Northern Ireland,2020-01-30,0,,,,,,0,
Northern Ireland,2020-01-29,0,,,,,,0,
Northern Ireland,2020-01-28,0,,,,,,0,
Northern Ireland,2020-01-27,0,,,,,,0,
Northern Ireland,2020-01-26,0,,,,,,0,
Northern Ireland,2020-01-25,0,,,,,,0,
Northern Ireland,2020-01-24,0,,,,,,0,
Northern Ireland,2020-01-23,0,,,,,,0,
Northern Ireland,2020-01-22,0,,,,,,0,
Northern Ireland,2020-01-21,0,,,,,,0,
Northern Ireland,2020-01-20,0,,,,,,0,
Northern Ireland,2020-01-19,0,,,,,,0,
Northern Ireland,2020-01-18,0,,,,,,0,
Northern Ireland,2020-01-17,0,,,,,,0,
Northern Ireland,2020-01-16,0,,,,,,0,
Northern Ireland,2020-01-15,0,,,,,,0,
Northern Ireland,2020-01-14,0,,,,,,0,
Northern Ireland,2020-01-13,0,,,,,,0,
Northern Ireland,2020-01-12,0,,,,,,0,
Northern Ireland,2020-01-11,0,,,,,,0,
Northern Ireland,2020-01-10,0,,,,,,0,
Northern Ireland,2020-01-09,0,,,,,,0,
Northern Ireland,2020-01-08,0,,,,,,0,
Northern Ireland,2020-01-07,0,,,,,,0,
Northern Ireland,2020-01-06,0,,,,,,0,
Northern Ireland,2020-01-05,0,,,,,,0,
Northern Ireland,2020-01-04,0,,,,,,0,
Northern Ireland,2020-01-03,0,,,,,,0,
Scotland,2020-08-30,123,20318,,,371.9,45.7,0,2494
Scotland,2020-08-29,88,20195,,,369.6,45.7,0,2494
Scotland,2020-08-28,51,20107,,,368,45.7,0,2494
Scotland,2020-08-27,68,20056,,,367.1,45.7,0,2494
Scotland,2020-08-26,67,19988,,,365.9,45.7,2,2494
Scotland,2020-08-25,44,19921,,,364.6,45.6,0,2492
Scotland,2020-08-24,66,19877,,,363.8,45.6,0,2492
Scotland,2020-08-23,83,19811,,,362.6,45.6,0,2492
Scotland,2020-08-22,123,19728,,,361.1,45.6,0,2492
Scotland,2020-08-21,71,19605,,,358.8,45.6,0,2492
Scotland,2020-08-20,77,19534,,,357.5,45.6,0,2492
Scotland,2020-08-19,50,19457,,,356.1,45.6,1,2492
Scotland,2020-08-18,49,19407,,,355.2,45.6,0,2491
Scotland,2020-08-17,26,19358,,,354.3,45.6,0,2491
Scotland,2020-08-16,43,19332,,,353.9,45.6,0,2491
Scotland,2020-08-15,51,19289,,,353.1,45.6,0,2491
Scotland,2020-08-14,65,19238,,,352.1,45.6,0,2491
Scotland,2020-08-13,47,19173,,,350.9,45.6,0,2491
Scotland,2020-08-12,47,19126,,,350.1,45.6,0,2491
Scotland,2020-08-11,52,19079,,,349.2,45.6,0,2491
Scotland,2020-08-10,29,19027,,,348.3,45.6,0,2491
Scotland,2020-08-09,48,18998,,,347.7,45.6,0,2491
Scotland,2020-08-08,60,18950,,,346.9,45.6,0,2491
Scotland,2020-08-07,43,18890,,,345.8,45.6,0,2491
Scotland,2020-08-06,66,18847,,,345,45.6,0,2491
Scotland,2020-08-05,64,18781,,,343.8,45.6,0,2491
Scotland,2020-08-04,23,18717,,,342.6,45.6,0,2491
Scotland,2020-08-03,18,18694,,,342.2,45.6,0,2491
Scotland,2020-08-02,31,18676,,,341.8,45.6,0,2491
Scotland,2020-08-01,18,18645,,,341.3,45.6,0,2491
Scotland,2020-07-31,30,18627,,,340.9,45.6,0,2491
Scotland,2020-07-30,17,18597,,,340.4,45.6,0,2491
Scotland,2020-07-29,22,18580,,,340.1,45.6,0,2491
Scotland,2020-07-28,4,18558,,,339.7,45.6,0,2491
Scotland,2020-07-27,3,18554,,,339.6,45.6,0,2491
Scotland,2020-07-26,4,18551,,,339.6,45.6,0,2491
Scotland,2020-07-25,27,18547,,,339.5,45.6,0,2491
Scotland,2020-07-24,20,18520,,,339,45.6,0,2491
Scotland,2020-07-23,16,18500,,,338.6,45.6,0,2491
Scotland,2020-07-22,10,18484,,,338.3,45.6,0,2491
Scotland,2020-07-21,22,18474,,,338.1,45.6,0,2491
Scotland,2020-07-20,7,18452,,,337.7,45.6,0,2491
Scotland,2020-07-19,23,18445,,,337.6,45.6,0,2491
Scotland,2020-07-18,21,18422,,,337.2,45.6,0,2491
Scotland,2020-07-17,17,18401,,,336.8,45.6,0,2491
Scotland,2020-07-16,11,18384,,,336.5,45.6,1,2491
Scotland,2020-07-15,5,18373,,,336.3,45.6,0,2490
Scotland,2020-07-14,3,18368,,,336.2,45.6,0,2490
Scotland,2020-07-13,6,18365,,,336.2,45.6,0,2490
Scotland,2020-07-12,19,18359,,,336,45.6,0,2490
Scotland,2020-07-11,7,18340,,,335.7,45.6,0,2490
Scotland,2020-07-10,18,18333,,,335.6,45.6,0,2490
Scotland,2020-07-09,6,18315,,,335.2,45.6,0,2490
Scotland,2020-07-08,7,18309,,,335.1,45.6,1,2490
Scotland,2020-07-07,2,18302,,,335,45.6,1,2489
Scotland,2020-07-06,4,18300,,,335,45.5,0,2488
Scotland,2020-07-05,9,18296,,,334.9,45.5,0,2488
Scotland,2020-07-04,11,18287,,,334.7,45.5,0,2488
Scotland,2020-07-03,12,18276,,,334.5,45.5,1,2488
Scotland,2020-07-02,5,18264,,,334.3,45.5,1,2487
Scotland,2020-07-01,8,18259,,,334.2,45.5,1,2486
Scotland,2020-06-30,10,18251,,,334.1,45.5,3,2485
Scotland,2020-06-29,5,18241,,,333.9,45.4,0,2482
Scotland,2020-06-28,8,18236,,,333.8,45.4,0,2482
Scotland,2020-06-27,15,18228,,,333.6,45.4,0,2482
Scotland,2020-06-26,17,18213,,,333.4,45.4,0,2482
Scotland,2020-06-25,5,18196,,,333.1,45.4,2,2482
Scotland,2020-06-24,9,18191,,,333,45.4,4,2480
Scotland,2020-06-23,12,18182,,,332.8,45.3,4,2476
Scotland,2020-06-22,14,18170,,,332.6,45.2,0,2472
Scotland,2020-06-21,26,18156,,,332.3,45.2,0,2472
Scotland,2020-06-20,26,18130,,,331.9,45.2,2,2472
Scotland,2020-06-19,27,18104,,,331.4,45.2,6,2470
Scotland,2020-06-18,11,18077,,,330.9,45.1,2,2464
Scotland,2020-06-17,21,18066,,,330.7,45.1,9,2462
Scotland,2020-06-16,15,18045,,,330.3,44.9,5,2453
Scotland,2020-06-15,29,18030,,,330,44.8,0,2448
Scotland,2020-06-14,25,15755,,,288.4,44.8,1,2448
Scotland,2020-06-13,21,15730,,,287.9,44.8,5,2447
Scotland,2020-06-12,27,15709,,,287.5,44.7,3,2442
Scotland,2020-06-11,17,15682,,,287,44.6,5,2439
Scotland,2020-06-10,12,15665,,,286.7,44.6,12,2434
Scotland,2020-06-09,14,15653,,,286.5,44.3,7,2422
Scotland,2020-06-08,18,15639,,,286.3,44.2,0,2415
Scotland,2020-06-07,18,15621,,,285.9,44.2,0,2415
Scotland,2020-06-06,21,15603,,,285.6,44.2,6,2415
Scotland,2020-06-05,29,15582,,,285.2,44.1,14,2409
Scotland,2020-06-04,49,15553,,,284.7,43.8,9,2395
Scotland,2020-06-03,33,15504,,,283.8,43.7,11,2386
Scotland,2020-06-02,53,15471,,,283.2,43.5,12,2375
Scotland,2020-06-01,18,15418,,,282.2,43.3,1,2363
Scotland,2020-05-31,18,15400,,,281.9,43.2,9,2362
Scotland,2020-05-30,55,15382,,,281.6,43.1,22,2353
Scotland,2020-05-29,39,15327,,,280.5,42.7,15,2331
Scotland,2020-05-28,48,15288,,,279.8,42.4,12,2316
Scotland,2020-05-27,55,15240,,,279,42.2,13,2304
Scotland,2020-05-26,29,15185,,,277.9,41.9,18,2291
Scotland,2020-05-25,55,15156,,,277.4,41.6,3,2273
Scotland,2020-05-24,60,15101,,,276.4,41.5,9,2270
Scotland,2020-05-23,72,15041,,,275.3,41.4,16,2261
Scotland,2020-05-22,113,14969,,,274,41.1,24,2245
Scotland,2020-05-21,105,14856,,,271.9,40.7,37,2221
Scotland,2020-05-20,96,14751,,,270,40,50,2184
Scotland,2020-05-19,61,14655,,,268.2,39.1,29,2134
Scotland,2020-05-18,57,14594,,,267.1,38.5,2,2105
Scotland,2020-05-17,90,14537,,,266.1,38.5,9,2103
Scotland,2020-05-16,187,14447,,,264.4,38.3,41,2094
Scotland,2020-05-15,143,14260,,,261,37.6,46,2053
Scotland,2020-05-14,188,14117,,,258.4,36.7,34,2007
Scotland,2020-05-13,166,13929,,,255,36.1,61,1973
Scotland,2020-05-12,136,13763,,,251.9,35,50,1912
Scotland,2020-05-11,141,13627,,,249.4,34.1,5,1862
Scotland,2020-05-10,181,13486,,,246.8,34,10,1857
Scotland,2020-05-09,156,13305,,,243.5,33.8,36,1847
Scotland,2020-05-08,225,13149,,,240.7,33.1,49,1811
Scotland,2020-05-07,215,12924,,,236.6,32.3,59,1762
Scotland,2020-05-06,272,12709,,,232.6,31.2,83,1703
Scotland,2020-05-05,171,12437,,,227.6,29.7,44,1620
Scotland,2020-05-04,169,12266,,,224.5,28.8,5,1576
Scotland,2020-05-03,170,12097,,,221.4,28.8,12,1571
Scotland,2020-05-02,273,11927,,,218.3,28.5,44,1559
Scotland,2020-05-01,301,11654,,,213.3,27.7,40,1515
Scotland,2020-04-30,319,11353,,,207.8,27,60,1475
Scotland,2020-04-29,313,11034,,,202,25.9,83,1415
Scotland,2020-04-28,200,10721,,,196.2,24.4,70,1332
Scotland,2020-04-27,197,10521,,,192.6,23.1,13,1262
Scotland,2020-04-26,273,10324,,,189,22.9,18,1249
Scotland,2020-04-25,354,10051,,,184,22.5,47,1231
Scotland,2020-04-24,288,9697,,,177.5,21.7,64,1184
Scotland,2020-04-23,371,9409,,,172.2,20.5,58,1120
Scotland,2020-04-22,366,9038,,,165.4,19.4,77,1062
Scotland,2020-04-21,222,8672,,,158.7,18,70,985
Scotland,2020-04-20,263,8450,,,154.7,16.7,12,915
Scotland,2020-04-19,367,8187,,,149.9,16.5,10,903
Scotland,2020-04-18,411,7820,,,143.1,16.3,56,893
Scotland,2020-04-17,307,7409,,,135.6,15.3,58,837
Scotland,2020-04-16,354,7102,,,130,14.3,80,779
Scotland,2020-04-15,390,6748,,,123.5,12.8,84,699
Scotland,2020-04-14,291,6358,,,116.4,11.3,40,615
Scotland,2020-04-13,155,6067,,,111.1,10.5,9,575
Scotland,2020-04-12,322,5912,,,108.2,10.4,24,566
Scotland,2020-04-11,315,5590,,,102.3,9.9,47,542
Scotland,2020-04-10,318,5275,,,96.6,9.1,48,495
Scotland,2020-04-09,392,4957,,,90.7,8.2,81,447
Scotland,2020-04-08,336,4565,,,83.6,6.7,70,366
Scotland,2020-04-07,268,4229,,,77.4,5.4,74,296
Scotland,2020-04-06,255,3961,,,72.5,4.1,2,222
Scotland,2020-04-05,361,3706,,,67.8,4,2,220
Scotland,2020-04-04,344,3345,,,61.2,4,46,218
Scotland,2020-04-03,399,3001,,,54.9,3.1,46,172
Scotland,2020-04-02,292,2602,,,47.6,2.3,29,126
Scotland,2020-04-01,317,2310,,,42.3,1.8,28,97
Scotland,2020-03-31,430,1993,,,36.5,1.3,22,69
Scotland,2020-03-30,179,1563,,,28.6,0.9,6,47
Scotland,2020-03-29,139,1384,,,25.3,0.8,1,41
Scotland,2020-03-28,186,1245,,,22.8,0.7,7,40
Scotland,2020-03-27,165,1059,,,19.4,0.6,8,33
Scotland,2020-03-26,175,894,,,16.4,0.5,3,25
Scotland,2020-03-25,135,719,,,13.2,0.4,6,22
Scotland,2020-03-24,85,584,,,10.7,0.3,2,16
Scotland,2020-03-23,83,499,,,9.1,0.3,4,14
Scotland,2020-03-22,43,416,,,7.6,0.2,3,10
Scotland,2020-03-21,51,373,,,6.8,0.1,1,7
Scotland,2020-03-20,56,322,,,5.9,0.1,0,6
Scotland,2020-03-19,39,266,,,4.9,0.1,3,6
Scotland,2020-03-18,32,227,,,4.2,0.1,1,3
Scotland,2020-03-17,24,195,,,3.6,0,1,2
Scotland,2020-03-16,18,171,,,3.1,0,0,1
Scotland,2020-03-15,32,153,,,2.8,0,0,1
Scotland,2020-03-14,36,121,,,2.2,0,0,1
Scotland,2020-03-13,25,85,,,1.6,,0,
Scotland,2020-03-12,24,60,,,1.1,,0,
Scotland,2020-03-11,9,36,,,0.7,,0,
Scotland,2020-03-10,4,27,,,0.5,,0,
Scotland,2020-03-09,5,23,,,0.4,,0,
Scotland,2020-03-08,2,18,,,0.3,,0,
Scotland,2020-03-07,5,16,,,0.3,,0,
Scotland,2020-03-06,5,11,,,0.2,,0,
Scotland,2020-03-05,3,6,,,0.1,,0,
Scotland,2020-03-04,2,3,,,0.1,,0,
Scotland,2020-03-03,0,1,,,0,,0,
Scotland,2020-03-02,1,1,,,0,,0,
Scotland,2020-03-01,0,,,,,,0,
Scotland,2020-02-29,0,,,,,,0,
Scotland,2020-02-28,0,,,,,,0,
Scotland,2020-02-27,0,,,,,,0,
Scotland,2020-02-26,0,,,,,,0,
Scotland,2020-02-25,0,,,,,,0,
Scotland,2020-02-24,0,,,,,,0,
Scotland,2020-02-23,0,,,,,,0,
Scotland,2020-02-22,0,,,,,,0,
Scotland,2020-02-21,0,,,,,,0,
Scotland,2020-02-20,0,,,,,,0,
Scotland,2020-02-19,0,,,,,,0,
Scotland,2020-02-18,0,,,,,,0,
Scotland,2020-02-17,0,,,,,,0,
Scotland,2020-02-16,0,,,,,,0,
Scotland,2020-02-15,0,,,,,,0,
Scotland,2020-02-14,0,,,,,,0,
Scotland,2020-02-13,0,,,,,,0,
Scotland,2020-02-12,0,,,,,,0,
Scotland,2020-02-11,0,,,,,,0,
Scotland,2020-02-10,0,,,,,,0,
Scotland,2020-02-09,0,,,,,,0,
Scotland,2020-02-08,0,,,,,,0,
Scotland,2020-02-07,0,,,,,,0,
Scotland,2020-02-06,0,,,,,,0,
Scotland,2020-02-05,0,,,,,,0,
Scotland,2020-02-04,0,,,,,,0,
Scotland,2020-02-03,0,,,,,,0,
Scotland,2020-02-02,0,,,,,,0,
Scotland,2020-02-01,0,,,,,,0,
Scotland,2020-01-31,0,,,,,,0,
Scotland,2020-01-30,0,,,,,,0,
Scotland,2020-01-29,0,,,,,,0,
Scotland,2020-01-28,0,,,,,,0,
Scotland,2020-01-27,0,,,,,,0,
Scotland,2020-01-26,0,,,,,,0,
Scotland,2020-01-25,0,,,,,,0,
Scotland,2020-01-24,0,,,,,,0,
Scotland,2020-01-23,0,,,,,,0,
Scotland,2020-01-22,0,,,,,,0,
Scotland,2020-01-21,0,,,,,,0,
Scotland,2020-01-20,0,,,,,,0,
Scotland,2020-01-19,0,,,,,,0,
Scotland,2020-01-18,0,,,,,,0,
Scotland,2020-01-17,0,,,,,,0,
Scotland,2020-01-16,0,,,,,,0,
Scotland,2020-01-15,0,,,,,,0,
Scotland,2020-01-14,0,,,,,,0,
Scotland,2020-01-13,0,,,,,,0,
Scotland,2020-01-12,0,,,,,,0,
Scotland,2020-01-11,0,,,,,,0,
Scotland,2020-01-10,0,,,,,,0,
Scotland,2020-01-09,0,,,,,,0,
Scotland,2020-01-08,0,,,,,,0,
Scotland,2020-01-07,0,,,,,,0,
Scotland,2020-01-06,0,,,,,,0,
Scotland,2020-01-05,0,,,,,,0,
Scotland,2020-01-04,0,,,,,,0,
Scotland,2020-01-03,0,,,,,,0,
Wales,2020-08-30,56,17973,,,570.1,50.6,0,1595
Wales,2020-08-29,40,17917,,,568.3,50.6,0,1595
Wales,2020-08-28,34,17877,"[{'age': '0_to_4', 'value': 46, 'rate': 54.3}, {'age': '5_to_9', 'value': 31, 'rate': 29.3}, {'age': '10_to_14', 'value': 52, 'rate': 55.2}, {'age': '15_to_19', 'value': 114, 'rate': 123}, {'age': '20_to_24', 'value': 259, 'rate': 290}, {'age': '25_to_29', 'value': 481, 'rate': 452.3}, {'age': '30_to_34', 'value': 444, 'rate': 416.7}, {'age': '35_to_39', 'value': 433, 'rate': 449.8}, {'age': '40_to_44', 'value': 414, 'rate': 452.9}, {'age': '45_to_49', 'value': 487, 'rate': 582.1}, {'age': '50_to_54', 'value': 553, 'rate': 570.2}, {'age': '55_to_59', 'value': 587, 'rate': 547.1}, {'age': '60_to_64', 'value': 406, 'rate': 432.4}, {'age': '65_to_69', 'value': 312, 'rate': 352.3}, {'age': '70_to_74', 'value': 406, 'rate': 468.6}, {'age': '75_to_79', 'value': 492, 'rate': 826.9}, {'age': '80_to_84', 'value': 488, 'rate': 1229.2}, {'age': '85_to_89', 'value': 414, 'rate': 1934.9}, {'age': '90+', 'value': 303, 'rate': 3126.6}]","[{'age': '0_to_4', 'value': 32, 'rate': 39.6}, {'age': '5_to_9', 'value': 37, 'rate': 33.1}, {'age': '10_to_14', 'value': 34, 'rate': 38}, {'age': '15_to_19', 'value': 152, 'rate': 172.5}, {'age': '20_to_24', 'value': 678, 'rate': 816.1}, {'age': '25_to_29', 'value': 961, 'rate': 1000.4}, {'age': '30_to_34', 'value': 826, 'rate': 812.1}, {'age': '35_to_39', 'value': 801, 'rate': 828.4}, {'age': '40_to_44', 'value': 830, 'rate': 887.7}, {'age': '45_to_49', 'value': 1085, 'rate': 1263.2}, {'age': '50_to_54', 'value': 1204, 'rate': 1179.3}, {'age': '55_to_59', 'value': 1065, 'rate': 940.9}, {'age': '60_to_64', 'value': 644, 'rate': 650.8}, {'age': '65_to_69', 'value': 307, 'rate': 328.1}, {'age': '70_to_74', 'value': 308, 'rate': 332.4}, {'age': '75_to_79', 'value': 396, 'rate': 588.6}, {'age': '80_to_84', 'value': 497, 'rate': 992.6}, {'age': '85_to_89', 'value': 597, 'rate': 1837.9}, {'age': '90+', 'value': 671, 'rate': 3222.1}]",567,50.6,0,1595
Wales,2020-08-27,35,17843,,,565.9,50.6,1,1595
Wales,2020-08-26,34,17808,,,564.8,50.6,1,1594
Wales,2020-08-25,28,17774,,,563.7,50.5,0,1593
Wales,2020-08-24,19,17746,,,562.9,50.5,1,1593
Wales,2020-08-23,20,17727,,,562.2,50.5,2,1592
Wales,2020-08-22,34,17707,,,561.6,50.4,1,1590
Wales,2020-08-21,34,17673,,,560.5,50.4,0,1589
Wales,2020-08-20,19,17639,,,559.5,50.4,0,1589
Wales,2020-08-19,21,17620,,,558.9,50.4,0,1589
Wales,2020-08-18,24,17599,,,558.2,50.4,0,1589
Wales,2020-08-17,14,17575,,,557.4,50.4,0,1589
Wales,2020-08-16,18,17561,,,557,50.4,2,1589
Wales,2020-08-15,27,17543,,,556.4,50.3,1,1587
Wales,2020-08-14,18,17516,,,555.6,50.3,0,1586
Wales,2020-08-13,15,17499,,,555,50.3,0,1586
Wales,2020-08-12,8,17484,,,554.5,50.3,5,1586
Wales,2020-08-11,13,17476,,,554.3,50.1,2,1581
Wales,2020-08-10,12,17463,,,553.9,50.1,0,1579
Wales,2020-08-09,26,17451,,,553.5,50.1,0,1579
Wales,2020-08-08,19,17425,,,552.7,50.1,1,1579
Wales,2020-08-07,17,17406,,,552.1,50,7,1578
Wales,2020-08-06,15,17389,,,551.5,49.8,3,1571
Wales,2020-08-05,14,17374,,,551.1,49.7,2,1568
Wales,2020-08-04,22,17361,,,550.6,49.7,1,1566
Wales,2020-08-03,24,17339,,,549.9,49.6,0,1565
Wales,2020-08-02,37,17315,,,549.2,49.6,3,1565
Wales,2020-08-01,21,17279,,,548,49.5,2,1562
Wales,2020-07-31,26,17258,,,547.4,49.5,6,1560
Wales,2020-07-30,9,17232,,,546.5,49.3,0,1554
Wales,2020-07-29,32,17223,,,546.3,49.3,5,1554
Wales,2020-07-28,21,17191,,,545.2,49.1,0,1549
Wales,2020-07-27,45,17170,,,544.6,49.1,0,1549
Wales,2020-07-26,22,17125,,,543.2,49.1,1,1549
Wales,2020-07-25,30,17105,,,542.5,49.1,0,1548
Wales,2020-07-24,45,17075,,,541.6,49.1,0,1548
Wales,2020-07-23,43,17030,,,540.1,49.1,0,1548
Wales,2020-07-22,22,16987,,,538.8,49.1,1,1548
Wales,2020-07-21,22,16965,,,538.1,49.1,0,1547
Wales,2020-07-20,15,16943,,,537.4,49.1,0,1547
Wales,2020-07-19,0,16928,,,536.9,49.1,1,1547
Wales,2020-07-18,10,16897,,,535.9,49,0,1546
Wales,2020-07-17,16,16887,,,535.6,49,1,1546
Wales,2020-07-16,18,16871,,,535.1,49,0,1545
Wales,2020-07-15,18,16854,,,534.6,49,2,1545
Wales,2020-07-14,21,16836,,,534,48.9,2,1543
Wales,2020-07-13,11,15973,,,506.6,48.9,0,1541
Wales,2020-07-12,16,15962,,,506.3,48.9,0,1541
Wales,2020-07-11,7,15946,,,505.8,48.9,1,1541
Wales,2020-07-10,10,15939,,,505.5,48.8,0,1540
Wales,2020-07-09,16,15929,,,505.2,48.8,2,1540
Wales,2020-07-08,13,15913,,,504.7,48.8,4,1538
Wales,2020-07-07,2,15900,,,504.3,48.7,3,1534
Wales,2020-07-06,8,15898,,,504.2,48.6,0,1531
Wales,2020-07-05,15,15890,,,504,48.6,1,1531
Wales,2020-07-04,34,15875,,,503.5,48.5,5,1530
Wales,2020-07-03,26,15841,,,502.4,48.4,2,1525
Wales,2020-07-02,41,15815,,,501.6,48.3,8,1524
Wales,2020-07-01,32,15775,,,500.3,48.1,6,1516
Wales,2020-06-30,26,15743,,,499.3,47.9,3,1510
Wales,2020-06-29,116,15717,,,498.5,47.8,3,1507
Wales,2020-06-28,25,15602,,,494.8,47.7,2,1504
Wales,2020-06-27,46,15577,,,494.1,47.6,5,1502
Wales,2020-06-26,65,15531,,,492.6,47.5,2,1497
Wales,2020-06-25,125,15466,,,490.5,47.5,6,1497
Wales,2020-06-24,47,15341,,,486.6,47.3,8,1491
Wales,2020-06-23,51,15295,,,485.1,47,5,1483
Wales,2020-06-22,71,15197,,,482,46.9,1,1478
Wales,2020-06-21,100,15126,,,479.8,46.8,1,1477
Wales,2020-06-20,25,15026,,,476.6,46.8,1,1476
Wales,2020-06-19,31,15001,,,475.8,46.8,4,1475
Wales,2020-06-18,48,14970,,,474.8,46.7,5,1471
Wales,2020-06-17,53,14922,,,473.3,46.5,10,1466
Wales,2020-06-16,65,14869,,,471.6,46.2,8,1456
Wales,2020-06-15,62,14804,,,469.5,45.9,4,1448
Wales,2020-06-14,39,14742,,,467.6,45.8,3,1444
Wales,2020-06-13,45,14703,,,466.3,45.7,6,1441
Wales,2020-06-12,77,14658,,,464.9,45.5,10,1435
Wales,2020-06-11,63,14581,,,462.5,45.2,6,1425
Wales,2020-06-10,38,14518,,,460.5,45,9,1419
Wales,2020-06-09,42,14480,,,459.3,44.7,9,1410
Wales,2020-06-08,42,14438,,,457.9,44.4,3,1401
Wales,2020-06-07,40,14396,,,456.6,44.3,5,1398
Wales,2020-06-06,42,14356,,,455.3,44.2,10,1393
Wales,2020-06-05,76,14314,,,454,43.9,4,1383
Wales,2020-06-04,35,14238,,,451.6,43.7,8,1379
Wales,2020-06-03,82,14203,,,450.5,43.5,17,1371
Wales,2020-06-02,67,14121,,,447.9,42.9,7,1354
Wales,2020-06-01,59,14054,,,445.8,42.7,5,1347
Wales,2020-05-31,82,13995,,,443.9,42.6,11,1342
Wales,2020-05-30,86,13913,,,441.3,42.2,14,1331
Wales,2020-05-29,102,13827,,,438.6,41.8,10,1317
Wales,2020-05-28,72,13725,,,435.3,41.5,14,1307
Wales,2020-05-27,97,13653,,,433,41,11,1293
Wales,2020-05-26,141,13556,,,430,40.7,8,1282
Wales,2020-05-25,106,13415,,,425.5,40.4,7,1274
Wales,2020-05-24,140,13309,,,422.1,40.2,7,1267
Wales,2020-05-23,185,13169,,,417.7,40,6,1260
Wales,2020-05-22,138,12984,,,411.8,39.8,7,1254
Wales,2020-05-21,166,12846,,,407.4,39.6,9,1247
Wales,2020-05-20,110,12680,,,402.2,39.3,14,1238
Wales,2020-05-19,166,12570,,,398.7,38.8,17,1224
Wales,2020-05-18,101,12404,,,393.4,38.3,4,1207
Wales,2020-05-17,162,12304,,,390.2,38.2,12,1203
Wales,2020-05-16,183,12142,,,385.1,37.8,18,1191
Wales,2020-05-15,126,11960,,,379.3,37.2,9,1173
Wales,2020-05-14,128,11834,,,375.3,36.9,10,1164
Wales,2020-05-13,133,11706,,,371.3,36.6,22,1154
Wales,2020-05-12,105,11573,,,367.1,35.9,16,1132
Wales,2020-05-11,124,11468,,,363.7,35.4,5,1116
Wales,2020-05-10,223,11344,,,359.8,35.2,12,1111
Wales,2020-05-09,118,11121,,,352.7,34.9,9,1099
Wales,2020-05-08,152,11003,,,349,34.6,28,1090
Wales,2020-05-07,87,10851,,,344.2,33.7,18,1062
Wales,2020-05-06,95,10764,,,341.4,33.1,21,1044
Wales,2020-05-05,145,10669,,,338.4,32.4,26,1023
Wales,2020-05-04,195,10524,,,333.8,31.6,14,997
Wales,2020-05-03,174,10329,,,327.6,31.2,14,983
Wales,2020-05-02,183,10155,,,322.1,30.7,44,969
Wales,2020-05-01,160,9972,,,316.3,29.3,17,925
Wales,2020-04-30,183,9812,,,311.2,28.8,22,908
Wales,2020-04-29,117,9629,,,305.4,28.1,73,886
Wales,2020-04-28,232,9512,,,301.7,25.8,17,813
Wales,2020-04-27,203,9280,,,294.3,25.2,8,796
Wales,2020-04-26,178,9078,,,287.9,25,14,788
Wales,2020-04-25,299,8900,,,282.3,24.5,23,774
Wales,2020-04-24,243,8601,,,272.8,23.8,110,751
Wales,2020-04-23,234,8358,,,265.1,20.3,17,641
Wales,2020-04-22,274,8124,,,257.7,19.8,15,624
Wales,2020-04-21,304,7850,,,249,19.3,25,609
Wales,2020-04-20,276,7546,,,239.3,18.5,9,584
Wales,2020-04-19,334,7270,,,230.6,18.2,41,575
Wales,2020-04-18,292,6936,,,220,16.9,28,534
Wales,2020-04-17,244,6645,,,210.8,16,11,506
Wales,2020-04-16,284,6401,,,203,15.7,32,495
Wales,2020-04-15,272,6118,,,194,14.7,60,463
Wales,2020-04-14,238,5848,,,185.5,12.8,19,403
Wales,2020-04-13,313,5610,,,177.9,12.2,15,384
Wales,2020-04-12,367,5297,,,168,11.7,18,369
Wales,2020-04-11,340,4930,,,156.4,11.1,36,351
Wales,2020-04-10,502,4591,,,145.6,10,29,315
Wales,2020-04-09,16,4089,,,129.7,9.1,41,286
Wales,2020-04-08,283,4073,,,129.2,7.8,33,245
Wales,2020-04-07,291,3790,,,120.2,6.7,19,212
Wales,2020-04-06,302,3499,,,111,6.1,27,193
Wales,2020-04-05,344,3197,,,101.4,5.3,12,166
Wales,2020-04-04,387,2853,,,90.5,4.9,13,154
Wales,2020-04-03,345,2466,,,78.2,4.5,24,141
Wales,2020-04-02,284,2121,,,67.3,3.7,19,117
Wales,2020-04-01,274,1837,,,58.3,3.1,29,98
Wales,2020-03-31,112,1563,,,49.6,2.2,7,69
Wales,2020-03-30,210,1451,,,46,2,14,62
Wales,2020-03-29,148,1241,,,39.4,1.5,10,48
Wales,2020-03-28,172,1093,,,34.7,1.2,4,38
Wales,2020-03-27,180,921,,,29.2,1.1,6,34
Wales,2020-03-26,113,741,,,23.5,0.9,6,28
Wales,2020-03-25,150,628,,,19.9,0.7,5,22
Wales,2020-03-24,60,478,,,15.2,0.5,1,17
Wales,2020-03-23,71,418,,,13.3,0.5,4,16
Wales,2020-03-22,67,347,,,11,0.4,9,12
Wales,2020-03-21,89,280,,,8.9,0.1,2,3
Wales,2020-03-20,21,191,,,6.1,0,0,1
Wales,2020-03-19,21,170,,,5.4,0,0,1
Wales,2020-03-18,13,149,,,4.7,0,0,1
Wales,2020-03-17,12,136,,,4.3,0,0,1
Wales,2020-03-16,30,124,,,3.9,,0,
Wales,2020-03-15,34,94,,,3,,0,
Wales,2020-03-14,22,60,,,1.9,,0,
Wales,2020-03-13,13,38,,,1.2,,0,
Wales,2020-03-12,10,25,,,0.8,,0,
Wales,2020-03-11,9,15,,,0.5,,0,
Wales,2020-03-10,2,6,,,0.2,,0,
Wales,2020-03-09,2,4,,,0.1,,0,
Wales,2020-03-08,0,2,,,0.1,,0,
Wales,2020-03-07,0,2,,,0.1,,0,
Wales,2020-03-06,0,2,,,0.1,,0,
Wales,2020-03-05,1,2,,,0.1,,0,
Wales,2020-03-04,0,1,,,0,,0,
Wales,2020-03-03,0,1,,,0,,0,
Wales,2020-03-02,0,1,,,0,,0,
Wales,2020-03-01,0,1,,,0,,0,
Wales,2020-02-29,0,1,,,0,,0,
Wales,2020-02-28,1,1,,,0,,0,
Wales,2020-02-27,0,,,,,,0,
Wales,2020-02-26,0,,,,,,0,
Wales,2020-02-25,0,,,,,,0,
Wales,2020-02-24,0,,,,,,0,
Wales,2020-02-23,0,,,,,,0,
Wales,2020-02-22,0,,,,,,0,
Wales,2020-02-21,0,,,,,,0,
Wales,2020-02-20,0,,,,,,0,
Wales,2020-02-19,0,,,,,,0,
Wales,2020-02-18,0,,,,,,0,
Wales,2020-02-17,0,,,,,,0,
Wales,2020-02-16,0,,,,,,0,
Wales,2020-02-15,0,,,,,,0,
Wales,2020-02-14,0,,,,,,0,
Wales,2020-02-13,0,,,,,,0,
Wales,2020-02-12,0,,,,,,0,
Wales,2020-02-11,0,,,,,,0,
Wales,2020-02-10,0,,,,,,0,
Wales,2020-02-09,0,,,,,,0,
Wales,2020-02-08,0,,,,,,0,
Wales,2020-02-07,0,,,,,,0,
Wales,2020-02-06,0,,,,,,0,
Wales,2020-02-05,0,,,,,,0,
Wales,2020-02-04,0,,,,,,0,
Wales,2020-02-03,0,,,,,,0,
Wales,2020-02-02,0,,,,,,0,
Wales,2020-02-01,0,,,,,,0,
Wales,2020-01-31,0,,,,,,0,
Wales,2020-01-30,0,,,,,,0,
Wales,2020-01-29,0,,,,,,0,
Wales,2020-01-28,0,,,,,,0,
Wales,2020-01-27,0,,,,,,0,
Wales,2020-01-26,0,,,,,,0,
Wales,2020-01-25,0,,,,,,0,
Wales,2020-01-24,0,,,,,,0,
Wales,2020-01-23,0,,,,,,0,
Wales,2020-01-22,0,,,,,,0,
Wales,2020-01-21,0,,,,,,0,
Wales,2020-01-20,0,,,,,,0,
Wales,2020-01-19,0,,,,,,0,
Wales,2020-01-18,0,,,,,,0,
Wales,2020-01-17,0,,,,,,0,
Wales,2020-01-16,0,,,,,,0,
Wales,2020-01-15,0,,,,,,0,
Wales,2020-01-14,0,,,,,,0,
Wales,2020-01-13,0,,,,,,0,
Wales,2020-01-12,0,,,,,,0,
Wales,2020-01-11,0,,,,,,0,
Wales,2020-01-10,0,,,,,,0,
Wales,2020-01-09,0,,,,,,0,
Wales,2020-01-08,0,,,,,,0,
Wales,2020-01-07,0,,,,,,0,
Wales,2020-01-06,0,,,,,,0,
Wales,2020-01-05,0,,,,,,0,
Wales,2020-01-04,0,,,,,,0,
Wales,2020-01-03,0,,,,,,0,

